year,month,month_idx,consumer_price_index(CPI),Crude Oil Price,Domestic Production,Crude Oil Export,Inflation_allItemsAverage,Money Supply(M2),currency in circulation,bank reserves,netForeignAssets,netDomesticAssets,netDomesticCredit,creditToGovernment,creditToPrivateSector,MonetaryPolicyRate,TreasuryBillRate,Lending_Rate,Exchange_Rate(USD-EOP),Premium_Motor_Spirit(PMS),A. GDP_AGRICULTURE(agric),gdp_agric_Crop Production,gdp_agric_Livestock,gdp_agric_Forestry, gdp_Fishing,GDP_INDUSTRY(ind),gdp_ind_Mining and Quarrying(MQ),gdp_ind_MQ_Crude Petroleum and Natural Gas,gdp_ind_MQ_Coal Mining,gdp_ind_MQ_Metal Ores,gdp_ind_MQ_Quarrying and Other Minerals,gdp_ind_Manufacturing(mfg), gdp_ind_mfg_Oil Refining,gdp_ind_mfg_Cement,"gdp_ind_mfg_Food, Beverage and Tobacco","gdp_ind_mfg_Textile, Apparel and Footwear",gdp_ind_mfg_Wood and Wood Products,"gdp_ind_mfg_Pulp, Paper and Paper Products",gdp_ind_mfg_Chemical and Pharmaceutical Products,gdp_ind_mfg_Non-Metallic Products,gdp_ind_mfg_Plastic and Rubber Products,gdp_ind_mfg_Electrical and Electronics,"gdp_ind_mfg_Basic Metal, Iron and Steel",gdp_ind_mfg_Motor Vehicles and Assembly,gdp_ind_mfg_Other Manufacturing,"gdp_ind_Electricity, Gas, Steam & Air conditioner","gdp_ind_Water supply, Sewage, Waste Management",gdp_ind_Construction,GDP_SERVICES(svc),gdp_svc_Trade,gdp_svc_Accommodation and Food Services,gdp_svc_Transportation and Storage(TS),gdp_svc_TS_RoadTransport,gdp_svc_TS_Rail Transport & Pipelines,gdp_svc_TS_Water Transport,gdp_svc_TS_Air Transport,gdp_svc_TS_Transport Services,gdp_svc_TS_Post and Courier Services,gdp_svc_Information and Communication(IC),gdp_svc_IC_Telecommunications and Information Services,gdp_svc_IC_Publishing,"gdp_svc_IC_Motion Pictures, Sound Recording and Music Production",gdp_svc_IC_Broadcasting,"gdp_svc_Arts, Entertainment & Recreation",gdp_svc_Financial and Insurance(FI),gdp_svc_FI_Financial Institutions,gdp_svc_FI_Insurance,gdp_svc_Real Estate,"gdp_svc_Professional, Scientific & Technical Services",gdp_svc_Administrative and Support Services,gdp_svc_Public Administration,gdp_svc_Education,gdp_svc_Human Health & Social Services,gdp_svc_Other Services,GDP at Current Basic Prices,Net Taxes on Products,GDP at Current Market Prices,FR_Date,foreign_reserve_Gross(USD),foreign_reserve_Liquid(USD),,,,,,,,,,,,,,,,,,,,,,,,,,,,,,,,,,,,,,,,,,,,,,,,,,
2017,january,1,198.0412412,55.01,1.84,1.39,16.44,23096526.55,1994577.62,3311609.44,9473002.48,19005647.02,26508030.42,4629967.24,21878063.18,14.00,13.95,16.91,305.25,145,,,,,,,,,,,,,,,,,,,,,,,,,,,,,,,,,,,,,,,,,,,,,,,,,,,,,,,,,,01/31/2017,28174226894,27457031874,,,,,,,,,,,,,,,,,,,,,,,,,,,,,,,,,,,,,,,,,,,,,,,,,,
,february,2,201.0011413,46.39,1.82,1.37,16.96,22210954.84,1978886.94,3234760.81,7977399.24,19746640.86,27209343.43,4977649.78,22231693.64,14,13.75,17.13,305.5,145,,,,,,,,,,,,,,,,,,,,,,,,,,,,,,,,,,,,,,,,,,,,,,,,,,,,,,,,,,02/28/2017,29646676385,28940939360,,,,,,,,,,,,,,,,,,,,,,,,,,,,,,,,,,,,,,,,,,,,,,,,,,
,march,3,204.4566099,52.13,1.60,1.15,17.32,22304267.84,1983633.07,3309947.53,7628543.46,20342546.55,27675371.94,5303542.02,22371829.92,14.00,13.60,17.43,306.35,149.39,4686.22,"3,969.52",487.87,58.24,170.59,"5,767.04","2,153.73","2,141.96",3.11,3.49,5.16,"2,422.50",38.60,207.46,"1,100.50",565.54,78.83,20.43,51.56,103.80,80.46,1.18,56.22,14.41,103.51,74.08,38.74,"1,077.99","15,575.09","5,256.55",280.47,443.59,396.62,0.04,1.54,25.49,11.88,8.03,"2,974.67","2,093.28",8.13,366.11,507.14,80.34,939.75,815.97,123.77,"1,823.65","1,078.13",6.20,680.04,587.79,186.24,"1,237.68","26,028.36",200.50,"26,228.85",03/31/2017,30297945682,29626470651,,,,,,,,,,,,,,,,,,,,,,,,,,,,,,,,,,,,,,,,,,,,,,,,,,
,april,4,207.7296775,52.94,1.79,1.34,17.59,21768241.12,1975812.32,3536407.29,7269852.64,20347360.25,27514336.86,5270202.59,22244134.26,14.00,13.58,17.44,305.85,149.87,,,,,,,,,,,,,,,,,,,,,,,,,,,,,,,,,,,,,,,,,,,,,,,,,,,,,,,,,,04/28/2017,30864632989,30170607388,,,,,,,,,,,,,,,,,,,,,,,,,,,,,,,,,,,,,,,,,,,,,,,,,,
,may,5,211.6378092,50.57,1.87,1.42,17.63,22047770.68,1897917.15,3254006.25,8540084.49,19499233.11,26836772.47,4811650.01,22025122.45,14.00,13.50,17.58,305.4,150.69,,,,,,,,,,,,,,,,,,,,,,,,,,,,,,,,,,,,,,,,,,,,,,,,,,,,,,,,,,05/31/2017,30329636331,29613758289,,,,,,,,,,,,,,,,,,,,,,,,,,,,,,,,,,,,,,,,,,,,,,,,,,
,june,6,214.9824562,47.42,1.95,1.50,17.58,21980582.35,1873544.00,3256863.20,8468080.62,19851198.34,27236433.60,5250486.41,21985947.18,14.00,13.50,17.59,305.9,150.28,5210.15,4530.13,474.21,66.98,138.82,6284.63,2455.64,2420.35,3,1.9,30.39,2438.59,67.41,202.37,1124.77,545.75,71.98,20.2,57.46,102.82,80.23,1.69,59.32,15.76,88.86,177.27,46.68,1166.45,15535.47,5208.66,166.11,378.61,330.36,0.11,2.69,21.91,20.94,2.6,3042.61,2236.52,8.7,300.07,497.32,63.43,1013.59,855.19,158.4,2154.26,1089.09,6.43,749,514,195.76,953.94,27030.25,236.14,27266.39,06/30/2017,30288411299,29576745008,,,,,,,,,,,,,,,,,,,,,,,,,,,,,,,,,,,,,,,,,,,,,,,,,,
,july,7,217.5904665,49.01,2.01,1.56,17.47,22195019.77,1769750.47,3445672.02,8743688.09,20745910.90,28033384.60,5861018.00,22172366.60,14.00,13.46,17.65,305.65,148.21,,,,,,,,,,,,,,,,,,,,,,,,,,,,,,,,,,,,,,,,,,,,,,,,,,,,,,,,,,07/31/2017,30843102474,30126038439,,,,,,,,,,,,,,,,,,,,,,,,,,,,,,,,,,,,,,,,,,,,,,,,,,
,august,8,219.7017526,51.64,1.99,1.54,17.33,21851454.31,1868735.07,3268266.17,9732990.89,19760954.12,26821446.81,4824226.22,21997220.59,14.00,13.35,17.69,305.85,144.43,,,,,,,,,,,,,,,,,,,,,,,,,,,,,,,,,,,,,,,,,,,,,,,,,,,,,,,,,,08/31/2017,31825701620,31122142265,,,,,,,,,,,,,,,,,,,,,,,,,,,,,,,,,,,,,,,,,,,,,,,,,,
,september,9,221.4260197,56.79,1.93,1.48,17.17,21953993.84,1781046.41,3428942.34,10050494.65,19794752.72,26985305.21,4963406.02,22021899.19,14.00,13.20,17.88,305.75,144.52,7198.21,6536.58,465.64,60.62,135.36,6852.06,3214.62,3176.46,0.67,1.47,36.03,2516.86,63.14,207.72,1135.9,590.96,75.47,21.89,57.19,107.45,81.95,1.86,61.16,13.65,98.53,159.29,42.56,918.73,15327.4,5290.49,248.4,421.16,360.77,0.07,3.01,28.17,25.35,3.79,2559.9,1905.12,7.34,275.22,372.23,55.98,895.97,780.28,115.69,2213.79,1243.45,7.09,690,667.85,196,837.31,29377.67,378.34,29756.01,09/29/2017,32490900723,31785893370,,,,,,,,,,,,,,,,,,,,,,,,,,,,,,,,,,,,,,,,,,,,,,,,,,
,october,10,223.1129926,58.46,1.95,1.50,16.97,22500618.01,1791194.52,3621498.01,12397103.90,18493660.63,27174805.81,5245888.60,21928917.21,14.00,13.18,17.86,305.8,145.99,,,,,,,,,,,,,,,,,,,,,,,,,,,,,,,,,,,,,,,,,,,,,,,,,,,,,,,,,,10/31/2017,33825011432,33130725185,,,,,,,,,,,,,,,,,,,,,,,,,,,,,,,,,,,,,,,,,,,,,,,,,,
,november,11,224.8569519,63.56,1.96,1.51,16.76,22311118.02,1896156.51,3429416.61,13297567.14,17046172.47,26349068.54,4392408.33,21956660.20,14.00,13.01,17.77,306,145.6,,,,,,,,,,,,,,,,,,,,,,,,,,,,,,,,,,,,,,,,,,,,,,,,,,,,,,,,,,11/30/2017,34945550023,34240804400,,,,,,,,,,,,,,,,,,,,,,,,,,,,,,,,,,,,,,,,,,,,,,,,,,
,december,12,226.1909566,65.11,1.96,1.51,16.50,24140634.21,2157229.65,3982296.12,15520760.99,13148823.61,25929552.00,3638893.69,22290658.31,14.00,0.00,17.71,306,171.79,6857.98,6059.88,546.72,71.37,180.01,6736.17,2657.98,2617.17,2.65,1.08,37.08,2666.53,42.69,228.81,1207.66,642.55,78.85,23.68,58.91,104.18,84.59,1.9,66.68,16.48,109.53,257.29,35.77,1118.61,17681.21,5818.03,289.22,544.13,477.07,0.12,2.19,30.29,28.25,6.21,3140.38,2323.2,8.06,307.7,501.42,61.33,986.47,878.65,107.82,2399.84,1316.13,7.31,802.55,821.22,206.8,1287.78,31275.35,372.64,31647.99,12/29/2017,38765961445,38058560701,,,,,,,,,,,,,,,,,,,,,,,,,,,,,,,,,,,,,,,,,,,,,,,,,,
2018,january,1,227.9984295,69.68,2.00,1.55,16.22,23963031.48,1945444.20,3777043.63,15591517.90,12616409.53,25964493.11,3971062.07,21993431.04,14.00,12.27,17.5,305.7,190.87,,,,,,,,,,,,,,,,,,,,,,,,,,,,,,,,,,,,,,,,,,,,,,,,,,,,,,,,,,01/31/2018,40685233207,39974137747,,,,,,,,,,,,,,,,,,,,,,,,,,,,,,,,,,,,,,,,,,,,,,,,,,
,february,2,229.8038277,66.67,2.01,1.56,15.93,24143010.28,1937337.46,4171967.70,15032430.46,14620685.00,27097901.65,4596990.16,22500911.48,14.00,11.88,17.53,305.9,172.46,,,,,,,,,,,,,,,,,,,,,,,,,,,,,,,,,,,,,,,,,,,,,,,,,,,,,,,,,,02/28/2018,42492668841,41787920840,,,,,,,,,,,,,,,,,,,,,,,,,,,,,,,,,,,,,,,,,,,,,,,,,,
,march,3,231.7253484,74.72,1.94,1.49,15.60,24424422.14,2039324.37,4371641.49,16316847.92,12795162.03,26440662.05,4077433.87,22363228.18,14.00,11.84,17.35,305.65,163.39,4957.86,4201.16,479.99,60.02,216.69,7877.6,3937.56,3921.29,3.28,5.23,7.76,2638.82,41.55,251.81,1193.62,610.64,82.19,23.77,55.23,110.21,84,1.4,58.82,19.64,105.94,81.15,45.46,1174.61,15603.15,5144.98,291.13,526.69,475.45,0.04,1.58,29.23,12.1,8.3,3027.93,2138.81,9.36,367.47,512.28,80.67,1069.64,922.83,146.8,1670.92,1057.58,6.2,671.4,597.24,187.57,1271.2,28438.6,244.34,28682.95,03/29/2018,46257182161,45558777305,,,,,,,,,,,,,,,,,,,,,,,,,,,,,,,,,,,,,,,,,,,,,,,,,,
,april,4,233.659201,72.37,1.97,1.52,15.20,24474153.99,1957219.31,4230706.58,15862412.24,13192838.04,27262815.60,4986326.81,22276488.79,14.00,11.43,17.24,305.7,151.4,,,,,,,,,,,,,,,,,,,,,,,,,,,,,,,,,,,,,,,,,,,,,,,,,,,,,,,,,,04/30/2018,47492639432,46765871676,,,,,,,,,,,,,,,,,,,,,,,,,,,,,,,,,,,,,,,,,,,,,,,,,,
,may,5,236.2043826,77.64,1.78,1.33,14.79,25169014.19,1930695.53,4492186.03,18297137.72,11578403.22,25235877.12,3029133.21,22206743.91,14.00,10.00,17.04,305.95,150.17,,,,,,,,,,,,,,,,,,,,,,,,,,,,,,,,,,,,,,,,,,,,,,,,,,,,,,,,,,05/31/2018,47605290416,46868210800,,,,,,,,,,,,,,,,,,,,,,,,,,,,,,,,,,,,,,,,,,,,,,,,,,
,june,6,239.1267204,75.38,1.78,1.33,14.37,24814004.52,1900671.87,4115025.96,18337532.47,11006297.08,25086874.73,2805008.21,22281866.53,14.00,10.11,16.78,305.75,148.09,5764.58,5040.54,481.75,70.01,172.29,8661.57,3781.73,3728.99,3.2,2.26,47.29,2914.51,54.3,304.03,1269.94,681.23,81.68,29.58,68.12,141.04,93.64,2.2,65.19,27.61,95.94,222.46,62.18,1680.69,16273.41,5208.24,193.62,524.6,466.02,0.11,2.85,31.45,21.04,3.13,3443.24,2529.67,9.1,294.81,609.66,65.99,1048.92,880.9,168.02,2176.48,1135.85,6.35,725.47,537.21,206.19,1001.26,30699.57,255.73,30955.3,06/29/2018,47788529071,47055526035,,,,,,,,,,,,,,,,,,,,,,,,,,,,,,,,,,,,,,,,,,,,,,,,,,
,july,7,241.8340296,74.72,1.83,1.38,13.95,24971101.93,1824826.08,4453033.88,17784894.58,11728638.76,25497325.35,3236115.48,22261209.87,14.00,10.00,16.83478242,305.9,146.82,,,,,,,,,,,,,,,,,,,,,,,,,,,,,,,,,,,,,,,,,,,,,,,,,,,,,,,,,,07/31/2018,47119702152,46376641644,,,,,,,,,,,,,,,,,,,,,,,,,,,,,,,,,,,,,,,,,,,,,,,,,,
,august,8,244.3686255,73.35,2.00,1.55,13.55,24859346.47,1928744.27,4414971.65,18411932.13,11292882.75,24691470.05,2221228.26,22470241.79,14.00,10.64,16.65061238,306.15,146.9,,,,,,,,,,,,,,,,,,,,,,,,,,,,,,,,,,,,,,,,,,,,,,,,,,,,,,,,,,08/31/2018,45838593559,45119374304,,,,,,,,,,,,,,,,,,,,,,,,,,,,,,,,,,,,,,,,,,,,,,,,,,
,september,9,246.4122208,79.59,1.96,1.51,13.16,25560662.33,1926382.16,4531371.51,18815935.55,12035116.32,26408425.68,3440986.85,22967438.83,14.00,11.00,16.5881868,306.35,147.33,8516.63,7761.4,495.61,65.26,194.36,8560.74,3521.38,3452.49,0.78,2.05,66.07,3340.58,55.49,386.99,1394.54,799.45,90.94,35.61,77.18,168.8,103.4,2.7,75.62,29.32,120.57,239.67,56.45,1402.66,16290.68,5490.4,300.29,553.96,479.05,0.07,3.14,42.03,26.62,3.05,2903.03,2229.52,7.76,275.89,389.86,57.97,876.55,756.43,120.12,2294.97,1302.5,7.44,702.38,709.27,206.83,885.09,33368.05,412.98,33781.03,09/28/2018,44305099104,43582449126,,,,,,,,,,,,,,,,,,,,,,,,,,,,,,,,,,,,,,,,,,,,,,,,,,
,october,10,248.2339688,79.18,2.01,1.56,12.78,26041903.87,1956009.42,5027610.63,18770212.88,13256287.15,26894678.47,3756182.62,23138495.84,14.00,10.94,16.52694669,306.6,147.23,,,,,,,,,,,,,,,,,,,,,,,,,,,,,,,,,,,,,,,,,,,,,,,,,,,,,,,,,,10/31/2018,41995242740,41247303619,,,,,,,,,,,,,,,,,,,,,,,,,,,,,,,,,,,,,,,,,,,,,,,,,,
,november,11,250.2223618,66.59,1.80,1.35,12.41,25467425.55,2100129.91,4366259.05,18990400.78,12869073.24,26075984.10,2980818.93,23095165.17,14.00,10.91,16.63552697,306.8,147.46,,,,,,,,,,,,,,,,,,,,,,,,,,,,,,,,,,,,,,,,,,,,,,,,,,,,,,,,,,11/30/2018,42167181452,41483846264,,,,,,,,,,,,,,,,,,,,,,,,,,,,,,,,,,,,,,,,,,,,,,,,,,
,december,12,252.0712582,62.00,1.90,1.45,12.10,27068575.06,2329706.58,4461219.30,18397816.89,14961431.64,27574319.41,4866094.44,22708224.97,14.00,0.00,16.17070831,307,145.78,8132.22,7204.7,591.26,77.49,258.76,8118.42,2407.99,2321.11,2.53,1.37,82.99,3561.62,59.33,402.92,1474.26,874.36,95.55,39.63,79.4,170.16,108.8,2.71,82.68,37.45,134.37,328.27,47.43,1773.11,18979.96,6074.83,359.34,723.11,638.42,0.13,2.28,46.65,29.24,6.39,3605.67,2769.3,8.51,312.01,515.85,64.44,1001.65,888.84,112.81,2490.45,1366.57,7.62,826.84,890.81,221.1,1347.54,35230.61,437.03,35667.63,12/31/2018,43116863593,42113539323,,,,,,,,,,,,,,,,,,,,,,,,,,,,,,,,,,,,,,,,,,,,,,,,,,
2019,january,1,253.9311609,60.39,1.95,1.50,11.80,26771087.05,2139666.39,5003765.90,17814232.98,15913559.38,28652344.40,5705553.55,22946790.85,14.00,10.98,16.01293374,306.75,145.7,,,,,,,,,,,,,,,,,,,,,,,,,,,,,,,,,,,,,,,,,,,,,,,,,,,,,,,,,,01/31/2019,43174283435,42142255818,,,,,,,,,,,,,,,,,,,,,,,,,,,,,,,,,,,,,,,,,,,,,,,,,,
,february,2,255.7851105,64.89,1.99,1.54,11.56,26546639.71,2241313.48,4580777.61,17023154.96,15837258.03,30520863.14,6355285.12,24165578.02,14.00,10.91,16.07786032,306.85,145.29,,,,,,,,,,,,,,,,,,,,,,,,,,,,,,,,,,,,,,,,,,,,,,,,,,,,,,,,,,02/28/2019,42296734111,41237875361,,,,,,,,,,,,,,,,,,,,,,,,,,,,,,,,,,,,,,,,,,,,,,,,,,
,march,3,257.7971139,67.67,2.02,1.57,11.40,26834815.12,2153220.11,4748251.64,16816802.47,17014271.29,31736895.75,7742158.55,23994737.21,13.50,10.42,14.92485233,306.95,145.32,6077.2,5174.39,514.93,65.98,321.9,8916.94,3176.73,3148.35,5.16,4.79,18.43,3600.6,21.92,469.99,1469.65,858.94,100.01,41.24,77.16,190.18,112,2.09,75.45,54.39,127.57,114.71,63.48,1961.42,16830.21,5392.76,379.31,792.09,728.47,0.04,1.63,40.88,12.6,8.46,3374.48,2460.19,9.55,375.33,529.41,87.28,1027.28,870.77,156.51,1842.55,1118.24,6.53,598.65,654.82,203.89,1352.33,31824.35,261.77,32086.12,03/29/2019,44428102947,43368506911,,,,,,,,,,,,,,,,,,,,,,,,,,,,,,,,,,,,,,,,,,,,,,,,,,
,april,4,260.2310843,73.08,1.94,1.49,11.31,27579445.15,2158698.81,5444749.12,17324334.13,17414452.35,32891837.79,8003857.70,24887980.09,13.50,10.24,15.39433275,306.95,145.92,,,,,,,,,,,,,,,,,,,,,,,,,,,,,,,,,,,,,,,,,,,,,,,,,,,,,,,,,,04/30/2019,44792699905,43776393768,,,,,,,,,,,,,,,,,,,,,,,,,,,,,,,,,,,,,,,,,,,,,,,,,,
,may,5,263.1231902,73.65,1.94,1.49,11.30,27813701.61,2111848.42,5698226.70,19100003.89,15786167.38,32194612.34,7312173.99,24882438.34,13.50,10.00,15.32671491,306.95,145.03,,,,,,,,,,,,,,,,,,,,,,,,,,,,,,,,,,,,,,,,,,,,,,,,,,,,,,,,,,05/31/2019,45122817866,44255758050,,,,,,,,,,,,,,,,,,,,,,,,,,,,,,,,,,,,,,,,,,,,,,,,,,
,june,6,265.95032,66.74,2.09,1.64,11.30,27898828.27,2014073.95,5729582.09,18471241.48,16432810.29,32341481.45,7583241.82,24758239.63,13.50,9.93,15.79516906,306.9,145.36,6788.6,5947.45,500.68,77.86,262.6,9946.14,3145.66,3059.67,4.12,2.6,79.27,4015.81,42.65,481.08,1512.87,893.76,106.25,48.42,134.5,220.42,196.79,4.42,133.6,32.69,208.36,288.65,95.96,2400.06,18267.14,5365.91,232.68,658.67,592.3,0.11,2.89,36.43,22.57,4.37,4839.2,3782.64,10.58,328.3,717.67,75.89,1059.16,877.84,181.32,2221.91,1187.34,6.69,723.87,596.8,238.5,1060.53,35001.88,299.08,35300.95,06/28/2019,45069454868,44433894024,,,,,,,,,,,,,,,,,,,,,,,,,,,,,,,,,,,,,,,,,,,,,,,,,,
,july,7,268.6400186,66.24,2.11,1.66,11.29,28277141.77,2003090.93,5158888.35,17663300.59,18020844.21,33433375.77,9143121.76,24290254.02,13.50,9.92,15.4628034,306.85,145.03,,,,,,,,,,,,,,,,,,,,,,,,,,,,,,,,,,,,,,,,,,,,,,,,,,,,,,,,,,07/31/2019,44903031404,44308903448,,,,,,,,,,,,,,,,,,,,,,,,,,,,,,,,,,,,,,,,,,,,,,,,,,
,august,8,271.2880519,61.05,2.09,1.64,11.27,27556798.88,2018840.38,4641875.31,15702066.40,19513476.89,34273009.90,9453781.50,24819228.41,13.50,10.89,15.40057483,307,145.48,,,,,,,,,,,,,,,,,,,,,,,,,,,,,,,,,,,,,,,,,,,,,,,,,,,,,,,,,,08/30/2019,43607804398,43025008111,,,,,,,,,,,,,,,,,,,,,,,,,,,,,,,,,,,,,,,,,,,,,,,,,,
,september,9,274.1182066,65.27,2.07,1.62,11.27,27669957.17,2005600.83,4677530.81,13911335.83,21132978.25,35938328.72,10451819.60,25486509.12,13.50,11.10,15.1529851,307,145.53,9783.54,8963.2,497.42,66.57,256.35,10830.87,3732.09,3624.33,1.12,2.23,104.41,4666.59,38.76,652.1,1674.42,1053.41,118.77,58.78,148.53,266.76,206.67,5.17,145.85,43.76,253.6,270.42,74.63,2087.14,17192.51,5552.62,358.63,767.79,676.24,0.08,3.24,57.56,27.61,3.06,3227.86,2542.88,8.1,280.58,396.31,60.04,909.14,780.99,128.15,2380.18,1301.7,7.86,725.17,762.89,220.95,917.68,37806.92,415.41,38222.34,09/30/2019,41852286712,41265682641,,,,,,,,,,,,,,,,,,,,,,,,,,,,,,,,,,,,,,,,,,,,,,,,,,
,october,10,277.0464394,59.10,2.05,1.60,11.30,27811790.84,2055946.55,5074855.40,14733833.13,20716185.48,34937934.20,9089561.72,25848372.48,13.50,10.03,15.073977,307,145.48,,,,,,,,,,,,,,,,,,,,,,,,,,,,,,,,,,,,,,,,,,,,,,,,,,,,,,,,,,10/31/2019,40464165373,39903991734,,,,,,,,,,,,,,,,,,,,,,,,,,,,,,,,,,,,,,,,,,,,,,,,,,
,november,11,279.8825139,63.56,1.94,1.49,11.35,28415371.99,2203274.21,4832968.37,14194603.80,22283524.77,35513084.66,9100341.79,26412742.87,13.50,6.73,14.91170201,307,145.94,,,,,,,,,,,,,,,,,,,,,,,,,,,,,,,,,,,,,,,,,,,,,,,,,,,,,,,,,,11/29/2019,39803153019,39161429989,,,,,,,,,,,,,,,,,,,,,,,,,,,,,,,,,,,,,,,,,,,,,,,,,,
,december,12,282.2733507,68.56,1.96,1.51,11.40,28783194.45,2442985.64,6226843.93,5804374.76,28972004.98,36178344.82,9483817.98,26694526.84,13.50,4.47,14.98513832,307,145.35,9254.79,8211.88,595.91,75.46,371.54,10185.75,2714.94,2568.07,2.51,1.52,142.83,4498.07,45.45,638.25,1725.66,1115.76,108.39,57.78,100.25,249.87,132.72,3.61,97.78,68.13,154.42,364,60.47,2548.27,20136.8,6197.98,428.07,834.03,730.52,0.13,2.37,63.75,30.74,6.51,3961.25,3105.2,8.9,316.63,530.54,68.01,1235.35,1115.86,119.49,2552.96,1410.19,7.91,849.06,954.81,232.86,1404.32,39577.34,452.38,40029.72,12/31/2019,38595257596,37803421099,,,,,,,,,,,,,,,,,,,,,,,,,,,,,,,,,,,,,,,,,,,,,,,,,,
2020,january,1,284.7388658,66.68,2.07,1.62,11.46,29132380.36,2249769.69,6150049.30,7147122.74,26981064.87,36297245.03,9645254.92,26651990.11,13.50,3.45,14.97193036,307,145.37,,,,,,,,,,,,,,,,,,,,,,,,,,,,,,,,,,,,,,,,,,,,,,,,,,,,,,,,,,01/31/2020,38009763480,37243893459,,,,,,,,,,,,,,,,,,,,,,,,,,,,,,,,,,,,,,,,,,,,,,,,,,
,february,2,286.9871428,58.45,2.07,1.62,11.54,29719364.53,2186983.40,7452094.17,6099989.97,27849628.73,37132194.11,10352073.72,26780120.39,13.50,3.00,15.0433943,306.95,145.41,,,,,,,,,,,,,,,,,,,,,,,,,,,,,,,,,,,,,,,,,,,,,,,,,,,,,,,,,,02/28/2020,36299517218,35541236810,,,,,,,,,,,,,,,,,,,,,,,,,,,,,,,,,,,,,,,,,,,,,,,,,,
,march,3,289.3961435,32.29,2.04,1.59,11.62,31010122.07,2296174.39,7858070.92,7593219.69,28183415.81,38431948.11,10009034.68,28422913.43,13.50,2.39,14.70798549,361,145.4,7442.68,6410.65,509.55,64.11,458.37,10509.18,2841.04,2827.16,3.31,5.21,5.35,4625.85,10.67,756.7,1733.82,1096.26,114.78,62.06,97.08,272.21,134.48,2.72,89.8,111.6,143.67,134.8,78.03,2829.46,17695.55,5378,429.65,953.99,879.85,0.04,1.66,51.35,12.59,8.5,3676.01,2744.73,9.68,379.05,542.55,89.2,1273.43,1108.1,165.33,1863.24,1143.13,6.58,560.76,700.85,218.23,1402.48,35647.41,322.5,35969.9,03/31/2020,35164442406,34481734773,,,,,,,,,,,,,,,,,,,,,,,,,,,,,,,,,,,,,,,,,,,,,,,,,,
,april,4,292.3474123,14.28,2.04,1.59,11.71,31958484.85,2307392.55,9951118.55,6877350.46,28998313.17,39603928.78,10710050.78,28893877.99,13.50,1.91,14.91913045,361,130.84,,,,,,,,,,,,,,,,,,,,,,,,,,,,,,,,,,,,,,,,,,,,,,,,,,,,,,,,,,04/30/2020,33520904271,32902792980,,,,,,,,,,,,,,,,,,,,,,,,,,,,,,,,,,,,,,,,,,,,,,,,,,
,may,5,295.7616453,27.90,1.75,1.30,11.79,32719162.68,2353337.05,10615169.49,8063241.22,27886602.58,38913828.54,9564579.49,29349249.05,12.50,2.47,14.73142015,361,129.67,,,,,,,,,,,,,,,,,,,,,,,,,,,,,,,,,,,,,,,,,,,,,,,,,,,,,,,,,,05/29/2020,36594997047,35999026489,,,,,,,,,,,,,,,,,,,,,,,,,,,,,,,,,,,,,,,,,,,,,,,,,,
,june,6,299.3502752,40.30,1.69,1.24,11.90,32593522.49,2300831.63,10944554.39,8360081.23,27407913.24,38453939.57,8898424.84,29555514.73,12.50,1.94,15.65384479,361,128.88,8139.52,7198.35,503.34,75.5,362.34,9402.78,2641.66,2520,4.89,2.6,114.17,4010.35,14.22,593.12,1620.83,888.36,94.83,47.35,109.25,225.9,120.11,2.81,81.29,104.11,108.18,313.59,114.01,2323.18,16480.9,4563.93,162.51,384.47,338.32,0.04,2.09,21.27,19.55,3.19,4783.34,3803.6,7.98,278.22,693.53,61.39,1279.7,1149.42,130.28,1840.11,1024.07,6.66,752.98,464.99,238.34,918.42,34023.2,313.7,34336.9,06/30/2020,36185274656,35595421431,,,,,,,,,,,,,,,,,,,,,,,,,,,,,,,,,,,,,,,,,,,,,,,,,,
,july,7,303.0815965,44.10,1.65,1.20,12.05,33337326.82,2395917.03,11025910.04,8087752.41,28725695.46,39849571.53,9661188.09,30188383.44,12.50,1.30,14.99330861,381,143.63,,,,,,,,,,,,,,,,,,,,,,,,,,,,,,,,,,,,,,,,,,,,,,,,,,,,,,,,,,07/29/2020,35877636050,35330004609,,,,,,,,,,,,,,,,,,,,,,,,,,,,,,,,,,,,,,,,,,,,,,,,,,
,august,8,307.1510126,45.06,1.65,1.20,12.23,34262588.49,2370886.01,11321501.32,8672873.00,27445270.68,38792303.90,8410276.49,30382027.42,12.50,1.17,11.79141575,381,148.78,,,,,,,,,,,,,,,,,,,,,,,,,,,,,,,,,,,,,,,,,,,,,,,,,,,,,,,,,,08/31/2020,35671263211,35095674230,,,,,,,,,,,,,,,,,,,,,,,,,,,,,,,,,,,,,,,,,,,,,,,,,,
,september,9,311.6905728,40.85,1.54,1.09,12.44,34965447.66,2427329.31,11149548.76,7579035.48,28415975.76,39429671.22,9683889.71,29745781.51,11.50,1.10,11.55140894,381,161.06,11105.99,10192.22,509.95,69.16,334.67,11472.1,2988.6,2782.38,1.09,2.19,202.94,5298.68,12.58,1039.65,1897.04,1028.01,115,64.39,164.5,297.47,193.43,4.15,139.53,119.78,223.13,270.4,86.41,2828.01,16511.37,5007.44,324.08,498.61,423.86,0.04,2.73,41.83,27.01,3.14,3741.43,3034.88,7.73,286.99,411.83,57.62,962.91,855.95,106.96,2188.25,1198.11,7.97,770.8,642.71,240.62,870.83,39089.46,625.26,39714.72,09/30/2020,35738842864,35244488203,,,,,,,,,,,,,,,,,,,,,,,,,,,,,,,,,,,,,,,,,,,,,,,,,,
,october,10,316.4777464,39.74,1.61,1.16,12.66,35729184.39,2498977.64,12246595.46,7846437.55,28371766.13,39537142.13,10449164.26,29087977.87,11.50,0.86,11.30884069,381,161.17,,,,,,,,,,,,,,,,,,,,,,,,,,,,,,,,,,,,,,,,,,,,,,,,,,,,,,,,,,10/28/2020,35689545008,35318445954,,,,,,,,,,,,,,,,,,,,,,,,,,,,,,,,,,,,,,,,,,,,,,,,,,
,november,11,321.5493533,42.70,1.54,1.09,12.92,36517795.80,2659710.45,12649837.74,8181174.23,28777279.93,40194156.06,10782279.08,29411876.98,11.50,0.03,12.68048004,381,167.27,,,,,,,,,,,,,,,,,,,,,,,,,,,,,,,,,,,,,,,,,,,,,,,,,,,,,,,,,,11/27/2020,35413202793,35030671969,,,,,,,,,,,,,,,,,,,,,,,,,,,,,,,,,,,,,,,,,,,,,,,,,,
,december,12,326.740963,50.33,1.42,0.97,13.25,37828875.85,2908462.40,10194626.79,7337626.60,29931615.03,41383172.98,11492711.32,29890461.67,11.50,0.03,11.35110049,381,165.7,10553.42,9376.33,598.54,76.02,502.54,12146.73,2380.48,2066.09,2.19,1.56,310.64,5604.68,20.39,1053.78,1988.75,1294.33,118.97,81.4,124.43,326.54,157.72,4.18,110.51,154.17,169.52,426.85,75.9,3658.82,20863.86,6157.02,424.7,802.7,726.85,0.12,2.12,36.61,30.3,6.71,4607.86,3714.71,8.78,326.73,557.64,67.42,1221.78,1116.7,105.08,2786.54,1368.53,7.69,887.04,898.88,254.15,1379.55,43564.01,666.79,44230.8,12/31/2020,35373915213,35036893073,,,,,,,,,,,,,,,,,,,,,,,,,,,,,,,,,,,,,,,,,,,,,,,,,,
2021,january,1,331.6249563,54.87,1.36,0.91,13.62,37544491.37,2831167.19,10433417.96,7606156.57,31131222.90,42492010.49,12085727.76,30406282.73,11.50,0.52,11.24516613,381,164.09,,,,,,,,,,,,,,,,,,,,,,,,,,,,,,,,,,,,,,,,,,,,,,,,,,,,,,,,,,01/29/2021,36303090978,35992459099,,,,,,,,,,,,,,,,,,,,,,,,,,,,,,,,,,,,,,,,,,,,,,,,,,
,february,2,336.7360665,62.48,1.42,0.97,14.05,38099427.26,2779831.60,10615312.50,8403538.47,30393028.17,43091736.20,12586130.06,30505606.14,11.50,1.49,11.20891099,381,166.24,,,,,,,,,,,,,,,,,,,,,,,,,,,,,,,,,,,,,,,,,,,,,,,,,,,,,,,,,,02/26/2021,35099861582,34820844103,,,,,,,,,,,,,,,,,,,,,,,,,,,,,,,,,,,,,,,,,,,,,,,,,,
,march,3,341.9833809,65.62,1.43,0.98,14.55,38288212.81,2808734.33,10529324.74,6725973.17,31994406.29,43503924.95,12066876.87,31437048.08,11.50,2.00,11.13487719,381,172.68,8569.33,7218.3,613.72,73.33,663.99,13305.52,2837.38,2822.47,3.78,7.61,3.52,6110.65,5.02,1289.28,2068.89,1322.16,127.05,91.34,126.2,406.28,162.12,3.42,103.92,234.06,170.91,176.18,110.27,4071.04,18139.64,5385.01,478.59,865.75,788.04,0.04,1.58,53.84,12.7,9.55,3965,3005.81,9.67,390,559.52,88.78,1300.8,1138.9,161.9,2013.07,1128.11,6.7,570.39,698.77,241.88,1396.78,40014.48,493.2,40507.69,03/31/2021,34820456887,34558926030,,,,,,,,,,,,,,,,,,,,,,,,,,,,,,,,,,,,,,,,,,,,,,,,,,
,april,4,345.3112193,64.30,1.37,0.92,15.04,38462975.04,2796471.37,10406163.21,6782878.02,32368575.56,44134011.03,12236471.93,31897539.10,11.50,2.00,11.23874753,381,166.38,,,,,,,,,,,,,,,,,,,,,,,,,,,,,,,,,,,,,,,,,,,,,,,,,,,,,,,,,,04/30/2021,34881389455,34654988471,,,,,,,,,,,,,,,,,,,,,,,,,,,,,,,,,,,,,,,,,,,,,,,,,,
,may,5,348.8008235,67.83,1.34,0.89,15.50,38692973.28,2790895.50,10273129.95,7356458.68,32500538.30,44669259.81,12552025.37,32117234.44,11.50,2.50,11.28663122,410.75,168.06,,,,,,,,,,,,,,,,,,,,,,,,,,,,,,,,,,,,,,,,,,,,,,,,,,,,,,,,,,05/31/2021,34229048746,34027584514,,,,,,,,,,,,,,,,,,,,,,,,,,,,,,,,,,,,,,,,,,,,,,,,,,
,june,6,352.487216,73.46,1.31,0.86,15.93,38863053.22,2741262.67,9592526.39,7292245.73,32218317.25,44219415.30,11593876.28,32625539.02,11.50,2.50,11.67008929,410.12,165.61,8657.31,7553.53,508.07,75.77,519.93,12267.53,2464.14,2264.1,7.44,3.57,189.02,5547.47,7.81,1118.17,1938.14,1178.73,107.59,70.73,149.28,346.18,145.34,3.76,97,255.31,129.44,672.03,166.34,3417.55,18198.87,5625.79,193.5,817.24,764.49,0.06,2.16,26.53,20.63,3.37,4779.99,3752.66,8.28,294.13,724.92,62.55,1255.89,1104.22,151.67,1975.87,1043.69,7.02,745,497.39,264.85,930.11,39123.71,491.12,39614.84,06/30/2021,33323503869,33107562905,,,,,,,,,,,,,,,,,,,,,,,,,,,,,,,,,,,,,,,,,,,,,,,,,,
,july,7,355.7483897,75.93,1.32,0.87,16.30,39733556.72,2812103.48,10018772.22,7472444.74,32280443.88,44985372.12,12124740.08,32860632.04,11.50,2.50,11.57288482,410.12,165.91,,,,,,,,,,,,,,,,,,,,,,,,,,,,,,,,,,,,,,,,,,,,,,,,,,,,,,,,,,07/30/2021,33402616892,33132648985,,,,,,,,,,,,,,,,,,,,,,,,,,,,,,,,,,,,,,,,,,,,,,,,,,
,august,8,359.3947171,70.72,1.24,0.79,16.60,40810092.82,2778706.01,10135805.92,8200646.92,32744496.85,46009146.00,12567398.20,33441747.80,11.50,2.50,11.62057294,410.39,164.91,,,,,,,,,,,,,,,,,,,,,,,,,,,,,,,,,,,,,,,,,,,,,,,,,,,,,,,,,,08/31/2021,34017914833,33757019043,,,,,,,,,,,,,,,,,,,,,,,,,,,,,,,,,,,,,,,,,,,,,,,,,,
,september,9,363.5243011,74.55,1.25,0.80,16.83,40449202.79,2837063.77,10116687.53,5807745.38,34642390.70,46941916.24,13005389.10,33936527.14,11.50,2.50,11.73298502,410.8,164.85,11988.58,10962.88,517.77,70.04,437.89,14565.92,2849.66,2554.86,1.19,3.85,289.77,7032.86,6.77,1711.45,2294.2,1351.97,126.58,96.47,168.54,448.44,199.19,4.85,143.31,255.3,225.79,387.06,120.22,4176.11,18558.94,5750.48,386.3,706.06,602.94,0.07,3.23,66.27,29.15,4.4,4159.32,3421.67,8.04,298.83,430.79,60.13,1217.72,1102.36,115.37,2377.11,1243.23,8.46,789.84,692.53,267.57,900.18,45113.45,736.83,45850.28,09/30/2021,36782343500,36541643287,,,,,,,,,,,,,,,,,,,,,,,,,,,,,,,,,,,,,,,,,,,,,,,,,,
,october,10,367.0938673,84.11,1.23,0.78,16.96,41474377.37,2965985.43,9768585.67,7163901.28,34311349.23,47566565.62,12946605.35,34619960.27,11.50,2.50,11.60973296,411.25,165.6,,,,,,,,,,,,,,,,,,,,,,,,,,,,,,,,,,,,,,,,,,,,,,,,,,,,,,,,,,10/29/2021,41828981480,41599791278,,,,,,,,,,,,,,,,,,,,,,,,,,,,,,,,,,,,,,,,,,,,,,,,,,
,november,11,371.0541336,82.16,1.23,0.78,16.98,42600088.22,3148591.61,9845519.27,8436779.16,34167435.78,48413289.10,13034104.65,35379184.45,11.50,2.50,11.79641678,410,167.6,,,,,,,,,,,,,,,,,,,,,,,,,,,,,,,,,,,,,,,,,,,,,,,,,,,,,,,,,,11/30/2021,41186700542,40970344454,,,,,,,,,,,,,,,,,,,,,,,,,,,,,,,,,,,,,,,,,,,,,,,,,,
,december,12,377.7958358,65.41,1.20,0.75,16.95,44443065.59,3325157.97,9969994.48,9352147.37,35091827.38,48760641.75,13839910.40,34920731.34,11.50,2.49,11.68057865,435,165.77,11910.84,10614.7,609.78,77.82,608.54,15162,2586.4,1994.58,3.93,2.52,585.36,7034.89,11.72,1550.36,2306.43,1549.84,124.52,105.39,160.49,448.1,179.85,5.26,126.56,272.82,193.56,504.18,114.4,4922.12,22203.18,6527.15,431.76,988.48,887.38,0.17,2.44,59.89,31.64,6.96,4870.7,3939.22,9.14,338.43,583.91,70.75,1526.3,1406.91,119.39,2883.59,1397.93,7.95,902.76,916.27,268.62,1410.94,49276.02,826.68,50102.7,12/31/2021,40520531730,40305788524,,,,,,,,,,,,,,,,,,,,,,,,,,,,,,,,,,,,,,,,,,,,,,,,,,
2022,january,1,383.3602553,88.71,1.40,0.95,16.87,45089157.64,3288027.60,10320428.65,8386366.23,36808579.40,50088061.91,14903925.40,35184136.51,11.50,2.49,11.67564797,412,165,,,,,,,,,,,,,,,,,,,,,,,,,,,,,,,,,,,,,,,,,,,,,,,,,,,,,,,,,,01/31/2022,40039162876,39831788532,,,,,,,,,,,,,,,,,,,,,,,,,,,,,,,,,,,,,,,,,,,,,,,,,,
,february,2,389.6118647,99.64,1.26,0.81,16.73,44739337.92,3250188.89,10385723.44,8458893.96,36655135.10,50707660.59,14721135.97,35986524.62,11.50,2.30,11.78208834,417,165,,,,,,,,,,,,,,,,,,,,,,,,,,,,,,,,,,,,,,,,,,,,,,,,,,,,,,,,,,02/28/2022,39863413918,39667860747,,,,,,,,,,,,,,,,,,,,,,,,,,,,,,,,,,,,,,,,,,,,,,,,,,
,march,3,396.4105599,121.23,1.24,0.79,16.54,45663905.91,3245597.55,11056170.74,7563818.91,38101010.05,52787060.85,16319660.37,36467400.48,11.50,1.75,11.83590196,416,165,9558.99,8129.29,656.79,75.51,697.4,15090.16,3573.48,3553.41,4.25,11.71,4.12,6826.58,2.63,1519.67,2419.6,1324.87,139.99,92.27,144.94,446.11,177.71,3.43,114.35,255.64,185.35,171.94,129.31,4388.84,20668.68,6158.8,510.02,727.02,615.6,0.09,1.82,84.73,14.78,10.01,4779.46,3666.36,10.07,452.27,650.76,102.11,1720.78,1533.49,187.29,2231.22,1233.33,7.45,624.05,753.86,274.17,1546.41,45317.82,584.82,45902.64,03/31/2022,39546756728,39332124458,,,,,,,,,,,,,,,,,,,,,,,,,,,,,,,,,,,,,,,,,,,,,,,,,,
,april,4,403.3884652,106.51,1.22,0.77,16.45,47146645.19,3350615.22,11026205.66,7516045.31,39631533.34,54296180.59,16847655.48,37448525.11,11.50,1.74,11.82840594,415,165,,,,,,,,,,,,,,,,,,,,,,,,,,,,,,,,,,,,,,,,,,,,,,,,,,,,,,,,,,04/29/2022,39579280536,39312161077,,,,,,,,,,,,,,,,,,,,,,,,,,,,,,,,,,,,,,,,,,,,,,,,,,
,may,5,410.5797254,116.72,1.02,0.57,16.45,48513506.45,3330863.86,10934866.33,7120303.91,41394191.39,56506223.69,18049373.09,38456850.60,13.00,2.47,11.96293702,417,165,,,,,,,,,,,,,,,,,,,,,,,,,,,,,,,,,,,,,,,,,,,,,,,,,,,,,,,,,,05/31/2022,38483657154,38225270658,,,,,,,,,,,,,,,,,,,,,,,,,,,,,,,,,,,,,,,,,,,,,,,,,,
,june,6,418.0343844,130.10,1.16,0.71,16.54,48897446.57,3255563.28,10604701.89,6102755.65,42789310.43,57448240.49,18214634.50,39233605.99,13.00,2.41,12.2881298,414,165,9854.73,8655.04,584.41,88.25,527.03,13936.24,3690.03,3385.14,12.72,3.04,289.13,5836.4,4.56,1186.57,2105.47,1183.28,115.88,71.92,160.96,361.01,157.1,3.78,107.13,242.95,135.78,625.19,208.94,3575.68,21213.55,6446.65,235.97,1257.16,1194.85,0.04,2.38,32.65,23.33,3.9,5454.57,4272.94,8.68,312.72,860.22,70.84,1631.42,1453.54,177.87,2229.08,1166.74,7.86,833.22,528.36,300.8,1050.89,45004.52,500.76,45505.29,06/30/2022,39155282548,38908445376,,,,,,,,,,,,,,,,,,,,,,,,,,,,,,,,,,,,,,,,,,,,,,,,,,
,july,7,425.6281178,120.54,1.08,0.63,16.75,48290293.34,3242600.24,10784285.87,5205255.26,43085948.80,59959367.27,20106289.74,39853077.54,14.00,2.76,12.10099917,426,165,,,,,,,,,,,,,,,,,,,,,,,,,,,,,,,,,,,,,,,,,,,,,,,,,,,,,,,,,,07/28/2022,39219234946,38955794473,,,,,,,,,,,,,,,,,,,,,,,,,,,,,,,,,,,,,,,,,,,,,,,,,,
,august,8,433.1599149,106.34,0.97,0.52,17.07,49315851.17,3210664.98,10829686.88,4920998.48,44395793.53,61168905.59,20965137.37,40203768.22,14.00,3.83,12.23195073,430,165,,,,,,,,,,,,,,,,,,,,,,,,,,,,,,,,,,,,,,,,,,,,,,,,,,,,,,,,,,08/31/2022,39024891148,38373641916,,,,,,,,,,,,,,,,,,,,,,,,,,,,,,,,,,,,,,,,,,,,,,,,,,
,september,9,439.041706,93.25,0.94,0.49,17.43,49331836.37,3228752.06,11778837.88,4485157.31,44847925.20,63341597.62,22826317.44,40515280.18,15.50,5.68,12.54365041,435.1,165,14395.26,13241.33,630.42,83.16,440.35,16514.34,3826.07,3348.49,0.82,5.83,470.93,7187.3,3.95,1865.19,2208.28,1322.01,140.76,92.94,188.95,481.66,192.71,5.26,159.58,269.91,256.09,375.19,159.38,4966.41,21346.21,6507.9,471.86,985.94,869.93,0.05,4.14,73.44,33.67,4.71,5004.31,4055.78,9.18,416.54,522.81,73.8,1478,1330.04,147.97,2594.16,1368.75,9.47,870.43,729.33,308.66,943.6,52255.81,920.7,53176.51,09/30/2022,38252906234,37366246640,,,,,,,,,,,,,,,,,,,,,,,,,,,,,,,,,,,,,,,,,,,,,,,,,,
,october,10,444.5033738,96.57,1.01,0.56,17.86,50628734.53,3298786.78,11700671.95,6168860.55,44461133.88,63481231.66,22645912.75,40835318.91,15.50,6.49,12.73634673,441,165,,,,,,,,,,,,,,,,,,,,,,,,,,,,,,,,,,,,,,,,,,,,,,,,,,,,,,,,,,10/31/2022,37386700903,36412010952,,,,,,,,,,,,,,,,,,,,,,,,,,,,,,,,,,,,,,,,,,,,,,,,,,
,november,11,450.7032742,93.36,1.19,0.74,18.37,51684794.02,3164256.76,12099630.21,5603800.28,46082254.30,64166739.86,22636974.13,41529765.73,16.50,6.50,13.17420599,446,165,,,,,,,,,,,,,,,,,,,,,,,,,,,,,,,,,,,,,,,,,,,,,,,,,,,,,,,,,,11/30/2022,37112947063,36112208430,,,,,,,,,,,,,,,,,,,,,,,,,,,,,,,,,,,,,,,,,,,,,,,,,,
,december,12,458.4318027,82.50,1.24,0.79,18.85,51761777.98,3012057.17,13019996.73,4252034.91,47903381.93,66398287.74,24656590.51,41741697.22,16.50,4.35,13.85426676,460,165,14135.08,12651.68,748.68,101.91,632.82,16738.25,2558.69,1685.72,4.41,3.1,865.46,7658.24,8.42,1687.53,2625.29,1563.63,138.56,107.56,175.08,482.73,202.7,5.43,147.55,293.06,220.7,617.19,138.27,5765.88,25884.55,7494.2,542.13,1321.28,1195.87,0.19,3.21,77.85,35.96,8.2,5913.33,4783.64,9.83,405.14,714.72,87.09,1870.93,1736.92,134.02,3189.53,1580.08,8.98,1005.68,1012.18,308.57,1550.56,56757.89,1022.69,57780.58,12/30/2022,37082778138,36048320031,,,,,,,,,,,,,,,,,,,,,,,,,,,,,,,,,,,,,,,,,,,,,,,,,,
2023,january,1,466.9953742,84.78,1.27,0.82,19.36,52835098.60,1386398.50,15191268.58,4555768.04,4555768.04,68181437.12,26639026.37,41542410.74,17.50,1.39,13.66636205,461.5,194,,,,,,,,,,,,,,,,,,,,,,,,,,,,,,,,,,,,,,,,,,,,,,,,,,,,,,,,,,01/31/2023,36996157229,35951741507,,,,,,,,,,,,,,,,,,,,,,,,,,,,,,,,,,,,,,,,,,,,,,,,,,
,february,2,474.9747859,86.04,1.29,0.84,19.87,52921785.20,982097.66,15337277.97,5495935.83,47799133.81,70185426.07,28431011.26,41754414.82,17.50,2.09,13.61615963,460,194,,,,,,,,,,,,,,,,,,,,,,,,,,,,,,,,,,,,,,,,,,,,,,,,,,,,,,,,,,02/27/2023,36678837822,35670665910,,,,,,,,,,,,,,,,,,,,,,,,,,,,,,,,,,,,,,,,,,,,,,,,,,
,march,3,483.792427,81.10,1.27,0.82,20.37,54185866.75,1683498.35,14292241.24,5991802.89,48636422.18,70541342.84,27529660.60,43011682.24,18.00,3.81,13.97400795,461,194,10059.62,8736.55,504.68,88.97,729.43,17905.77,3447.67,3417.4,4.98,20.95,4.35,8045.03,2.15,1872.66,2800.38,1486.95,166.65,102.36,177.37,510.02,204.76,3.76,130.36,377.09,210.53,203.21,166.03,6043.83,23276.75,6290.68,609.68,873.98,743.7,0.04,2.17,101.68,16.05,10.35,6779.19,5603.4,10.41,468.11,697.27,108.55,2105.77,1932.06,173.71,2283.97,1281.81,7.17,641.95,764.58,282.94,1246.49,51242.15,705.04,51947.19,03/31/2023,35497122765,34499376057,,,,,,,,,,,,,,,,,,,,,,,,,,,,,,,,,,,,,,,,,,,,,,,,,,
,april,4,493.0304445,86.60,1.00,0.55,20.82,55649344.64,2379074.15,15564029.09,5044475.45,50602383.34,74425692.40,30761091.82,43664600.58,18.00,5.73,14.0501152,460.1,194,,,,,,,,,,,,,,,,,,,,,,,,,,,,,,,,,,,,,,,,,,,,,,,,,,,,,,,,,,04/28/2023,35250914724,34421854488,,,,,,,,,,,,,,,,,,,,,,,,,,,,,,,,,,,,,,,,,,,,,,,,,,
,may,5,502.6046409,76.91,1.19,0.74,21.20,55550398.02,2526679.63,15396036.88,4404133.68,50910749.89,75498300.31,30711430.13,44786870.17,18.50,2.98,14.07,466,613,,,,,,,,,,,,,,,,,,,,,,,,,,,,,,,,,,,,,,,,,,,,,,,,,,,,,,,,,,05/30/2023,35094421974,34355174660,,,,,,,,,,,,,,,,,,,,,,,,,,,,,,,,,,,,,,,,,,,,,,,,,,
,june,6,513.3022844,76.97,1.26,0.81,21.54,64358217.20,2603266.82,15115648.83,11112802.79,53414463.97,84045544.14,31233079.30,52812464.85,18.50,3.87,13.85,770.88,613,10980.38,9669.87,662.99,107.36,540.16,17319.78,3427.49,2940.83,12.97,8.7,465,7581.4,6.11,1473.24,2878.85,1275.05,198.71,85.27,260.05,442.3,257.15,5.65,176.9,282.97,239.16,885.33,374.34,5051.21,23803.77,6662.4,250.99,701.97,636.8,0.05,2.52,34.25,24.31,4.04,7727.59,6492.51,8.99,309.12,916.99,73.26,2088.21,1895.59,192.62,2286.68,1211.38,8.08,859.14,545.47,310.2,1078.41,52103.93,651.96,52755.88,06/30/2023,34119447986,33391908137,,,,,,,,,,,,,,,,,,,,,,,,,,,,,,,,,,,,,,,,,,,,,,,,,,
,july,7,528.1174734,82.27,1.09,0.64,21.92,65319117.73,2595761.69,14780724.72,10241047.37,55088187.62,84082353.94,27621170.06,56461183.87,18.75,4.45,13.98,758.022,613,,,,,,,,,,,,,,,,,,,,,,,,,,,,,,,,,,,,,,,,,,,,,,,,,,,,,,,,,,07/28/2023,33952248667,33205862744,,,,,,,,,,,,,,,,,,,,,,,,,,,,,,,,,,,,,,,,,,,,,,,,,,
,august,8,544.9058183,89.30,1.18,0.73,22.38,65638978.68,2660138.92,16769464.34,13935019.44,52256483.40,79455252.89,22507192.00,56948060.89,18.75,5.13,13.99,757.52,613,,,,,,,,,,,,,,,,,,,,,,,,,,,,,,,,,,,,,,,,,,,,,,,,,,,,,,,,,,08/31/2023,33954113884,33208417499,,,,,,,,,,,,,,,,,,,,,,,,,,,,,,,,,,,,,,,,,,,,,,,,,,
,september,9,556.3353499,98.16,1.35,0.90,22.90,66174923.16,2761291.98,16745263.35,12537895.82,54406643.55,81644797.92,22137450.47,59507347.45,18.75,5.29,14.32,769.26,613,15986.82,14746.54,711.82,96.86,431.6,20691.05,5046.54,4682.04,2.15,10.64,351.7,9817.18,4.92,1954.67,3883.24,1857,225.46,101.9,283.75,526.07,238.09,6.99,184.43,283.26,267.42,510.29,200.63,5116.41,23980.73,6709.47,504.96,704.29,582.66,0.06,4.48,77.03,35.35,4.71,7019.37,6047.49,9.58,416.88,545.41,77.95,1924.33,1751.22,173.11,2667.49,1419.87,9.88,902.04,754.77,322.04,964.26,60658.6,1395.76,62054.36,09/29/2023,33237603572,32494015373,,,,,,,,,,,,,,,,,,,,,,,,,,,,,,,,,,,,,,,,,,,,,,,,,,
,october,10,565.9849088,94.90,1.35,0.90,23.44,72661232.78,3010346.55,18528474.01,28099657.30,45807379.74,72960640.30,9390923.05,63569717.25,18.75,5.39,14.39,825.49,617,,,,,,,,,,,,,,,,,,,,,,,,,,,,,,,,,,,,,,,,,,,,,,,,,,,,,,,,,,10/31/2023,33396135969,32605293232,,,,,,,,,,,,,,,,,,,,,,,,,,,,,,,,,,,,,,,,,,,,,,,,,,
,november,11,577.8023836,85.76,1.25,0.80,24.01,71342958.51,3347716.33,19560676.02,11514676.03,60510924.06,85349397.00,25664280.91,59685116.08,18.75,7.73,14.05,942.617,617,,,,,,,,,,,,,,,,,,,,,,,,,,,,,,,,,,,,,,,,,,,,,,,,,,,,,,,,,,11/30/2023,33004054737,32245818306,,,,,,,,,,,,,,,,,,,,,,,,,,,,,,,,,,,,,,,,,,,,,,,,,,
,december,12,591.018485,79.12,1.34,0.89,24.66,78831122.00,3653303.90,21082214.57,9338449.78,69914009.41,96086279.48,33547601.17,62538678.31,18.75,8.93,14.17,899.893,617,16246.32,14626.33,846.26,139.43,634.29,20469.71,2944.32,2065.88,4.85,3.94,869.64,10573.12,9.64,1752.93,4358.55,2219.29,204.37,109.28,259.49,510.14,296.41,7.73,213.26,297.62,334.39,828.76,192.38,5931.13,29192.23,7746.2,624.03,1069.59,941.69,0.22,3.45,78.02,37.62,8.58,8253.22,7072.27,10.34,425.57,745.04,91.81,2475.06,2327.15,147.91,3264.94,1639.57,9.3,1047.55,1050.09,339.45,1581.43,65908.26,176023,67668.48,12/29/2023,32912429900,32185371731,,,,,,,,,,,,,,,,,,,,,,,,,,,,,,,,,,,,,,,,,,,,,,,,,,
2024,january,1,606.6225955,82.18,1.43,0.98,25.35,93772008.85,3650500.20,20513530.84,29739769.64,64874830.79,99997638.73,23518053.15,76479585.58,18.75,4.33,13.82,1357.383,617,,,,,,,,,,,,,,,,,,,,,,,,,,,,,,,,,,,,,,,,,,,,,,,,,,,,,,,,,,12/29/2023,32912429900,32185371731,,,,,,,,,,,,,,,,,,,,,,,,,,,,,,,,,,,,,,,,,,,,,,,,,,
,february,2,625.5333976,86.08,1.32,0.87,26.18,95635011.58,3693578.23,17544159.79,36056588.51,61167195.52,99648710.97,18426607.20,81222103.76,22.75,17.03,15.06,1544.581,617,,,,,,,,,,,,,,,,,,,,,,,,,,,,,,,,,,,,,,,,,,,,,,,,,,,,,,,,,,01/30/2024,33353665927,32650928631,,,,,,,,,,,,,,,,,,,,,,,,,,,,,,,,,,,,,,,,,,,,,,,,,,
,march,3,644.4184439,88.80,1.23,0.78,27.13,91945344.91,3869335.26,19515488.40,25946086.92,66240483.71,91480590.74,20053981.85,71426608.89,24.75,16.53,15.7,1330.76,617,10137.04,8918.19,405.65,93.19,720.01,19821.95,4624.6,4552.98,2.69,67.21,1.73,8705.33,1.49,1931.11,2969.36,1491.38,175.62,106.81,242.54,588.58,294.46,5.06,187.15,399.69,312.07,239.7,226.19,6026.13,28896.16,6898.94,620.5,976.68,849.3,0.08,2.38,95.6,17.88,11.44,7724.35,6243.61,10.94,588.69,881.11,140.11,2994.03,2790.14,203.89,5177.95,1402.73,7.65,710.04,817.35,322.09,1103.73,58855.14,1421.73,60276.87,02/29/2024,33718605623,32922219436,,,,,,,,,,,,,,,,,,,,,,,,,,,,,,,,,,,,,,,,,,,,,,,,,,
,april,4,659.1554026,93.12,1.28,0.83,28.10,96963523.96,3922947.87,20464976.46,28727559.85,68246641.63,92892085.56,19975143.66,72916941.90,24.75,16.24,15.54,1330.205,617,,,,,,,,,,,,,,,,,,,,,,,,,,,,,,,,,,,,,,,,,,,,,,,,,,,,,,,,,,03/28/2024,33827356277,32951220379,,,,,,,,,,,,,,,,,,,,,,,,,,,,,,,,,,,,,,,,,,,,,,,,,,
,may,5,673.2540668,84.01,1.25,0.80,29.06,98986356.49,3965101.26,21691523.70,15335784.44,83899956.74,102687866.09,28375743.25,74312122.83,26.25,16.44,15.54,1483.482,617,,,,,,,,,,,,,,,,,,,,,,,,,,,,,,,,,,,,,,,,,,,,,,,,,,,,,,,,,,04/30/2024,32254525124,31384269025,,,,,,,,,,,,,,,,,,,,,,,,,,,,,,,,,,,,,,,,,,,,,,,,,,
,june,6,688.8089155,83.64,1.28,0.83,30.00,101450517.62,4048729.81,20974460.48,23090881.89,78370347.53,97124532.77,23932584.88,73191947.89,26.25,16.37,15.85,1470.691,617,11293.99,9879.61,738.85,114.2,561.33,17659.31,3414.71,3165.44,6.87,14.12,228.29,7725.97,4.21,1500.65,2951.57,1273.3,203.68,87.07,271.77,454.98,266.54,5.81,182.98,274.98,248.42,953.06,413.99,5151.58,31976.7,9719.77,258.48,638.23,546.78,0.11,3.54,42.37,39.51,5.93,8644.37,6857.91,9.31,442.39,1334.76,106.92,3896.38,3580.21,316.17,3364.97,1778.46,11.87,1267.66,579.9,345.09,1364.59,60930,1302.72,62232.72,05/31/2024,32694681787,31782146052,,,,,,,,,,,,,,,,,,,,,,,,,,,,,,,,,,,,,,,,,,,,,,,,,,
,july,7,704.4836339,87.28,1.31,0.86,30.76,106347375.90,4053763.93,21499583.21,32393100.04,73964993.22,95333872.43,19825050.41,75508822.02,26.75,16.99,15.89,1611.71,617,,,,,,,,,,,,,,,,,,,,,,,,,,,,,,,,,,,,,,,,,,,,,,,,,,,,,,,,,,06/28/2024,34191523806,33274390120,,,,,,,,,,,,,,,,,,,,,,,,,,,,,,,,,,,,,,,,,,,,,,,,,,
,august,8,720.0937598,82.88,1.35,0.90,31.26,107182219.49,4144842.39,22746386.89,25516266.66,81676670.20,105882488.57,31150799.28,74731689.28,26.75,18.30,17.01,1596.64,617,,,,,,,,,,,,,,,,,,,,,,,,,,,,,,,,,,,,,,,,,,,,,,,,,,,,,,,,,,07/31/2024,36797462436,35907900754,,,,,,,,,,,,,,,,,,,,,,,,,,,,,,,,,,,,,,,,,,,,,,,,,,
,september,9,738.2362901,76.05,1.32,0.87,31.73,109401745.36,4311072.27,23825969.35,19498793.94,89912360.91,115301488.41,39467247.32,75834241.09,27.25,16.91,16.75,1601.53,897,17791.72,16418.58,840.34,108.63,424.17,21755.04,5488.03,5378.23,0.81,16.53,92.46,10172.99,3.55,2027.65,4107.64,1861.27,235.43,100.89,300.55,541.18,233.8,7.34,185.62,289.04,279.04,537,226.17,5330.85,31584.34,9008.85,549.27,906.4,705.48,0.1,7.96,121.09,65.84,5.93,8038.11,6526.96,13.09,639.96,858.1,125.55,3358.75,3082.06,276.69,3908.51,1919.93,13.5,1233.88,829.38,365.01,1327.19,71131.09,2623.99,73755.08,08/30/2024,36305654424,35440716257,,,,,,,,,,,,,,,,,,,,,,,,,,,,,,,,,,,,,,,,,,,,,,,,,,
,october,10,757.7228936,76.69,1.33,0.88,32.26,107988822.02,4549217.51,25456487.65,20786785.89,87212833.35,113463677.29,39391214.35,74072462.95,27.25,17.00,17.35834374,1670.47,1184.83,,,,,,,,,,,,,,,,,,,,,,,,,,,,,,,,,,,,,,,,,,,,,,,,,,,,,,,,,,09/30/2024,38352539981,37422227584,,,,,,,,,,,,,,,,,,,,,,,,,,,,,,,,,,,,,,,,,,,,,,,,,,
,november,11,777.71238,75.44,1.49,1.04,32.77,108946684.26,4878125.22,25993446.02,17347112.78,91619367.66,115576757.67,39616629.91,75960127.77,27.50,18.00,18.39373249,1663.896,1214.17,,,,,,,,,,,,,,,,,,,,,,,,,,,,,,,,,,,,,,,,,,,,,,,,,,,,,,,,,,10/31/2024,39785523194,38919832129,,,,,,,,,,,,,,,,,,,,,,,,,,,,,,,,,,,,,,,,,,,,,,,,,,
,december,12,796.6696166,74.72,1.48,1.03,33.24,113337685.23,5441159.98,27231663.42,31961015.59,81394056.43,105162705.57,27140247.00,78022458.60,27.50,18.00,18.56282089,1535.82,1189.12,17256.23,15651.24,834.26,144.41,626.32,23035.71,4960.6,3995.7,-1.07,5.65,960.32,10881.84,11.28,1853.13,4473.02,2240.44,210.2,109.42,275.05,521.71,304.65,7.93,219.94,309.72,345.34,809.78,213,6170.49,38082.17,11169.66,692.83,1428.13,1222.2,0.42,4.77,132.49,54.2,14.06,9207.94,7752.01,13.47,511.42,931.05,115.86,4506.87,4260.38,246.49,3767.26,2374.28,13.43,1526.06,1163.92,386.89,1729.04,78374.12,2854.98,81229.11,11/29/2024,40232463200,39436167802,,,,,,,,,,,,,,,,,,,,,,,,,,,,,,,,,,,,,,,,,,,,,,,,,,
2025,january,1,774.0877478,80.76,1.54,1.09,17.59,111098003.76,5235432.14,27428919.41,33188490.42,77920283.00,102406829.09,25029404.13,77377424.96,27.50,18.00,18.49399626,1478.22,1258.34,,,,,,,,,,,,,,,,,,,,,,,,,,,,,,,,,,,,,,,,,,,,,,,,,,,,,,,,,,12/31/2024,40877997438,40099307350,,,,,,,,,,,,,,,,,,,,,,,,,,,,,,,,,,,,,,,,,,,,,,,,,,
,february,2,789.8886356,77.08,1.47,1.02,18.01,110698746.06,5037015.10,27569450.74,32532481.13,78177043.69,103369157.55,27111919.09,76257238.46,27.50,17.48,18.3475331,1492.491,1245.80,,,,,,,,,,,,,,,,,,,,,,,,,,,,,,,,,,,,,,,,,,,,,,,,,,,,,,,,,,01/31/2025,39723161365,39057802339,,,,,,,,,,,,,,,,,,,,,,,,,,,,,,,,,,,,,,,,,,,,,,,,,,
,march,3,820.657001,74.44,1.40,0.95,18.58,115794387.35,5002769.32,28523548.43,47637834.57,68177360.39,100570976.51,24589403.51,75981573.01,27.50,17.41,17.95537589,1536.82,1261.65,18246.36006,11781.47218,3320.828452,1551.310878,1592.748553,19868.99994,4117.426387,3671.180009,3.529304613,441.7612299,0.955843189,10135.67806,1.56902321,1367.490088,3527.13401,2452.786674,456.41361,182.6698446,518.4091776,541.5195875,284.127309,13.78715001,238.9612649,125.6717113,425.1386144,341.8697134,210.9799245,5063.045851,55936.3732,14593.3723,1180.281159,1415.576628,1115.242091,0.195658018,39.70658244,105.7712389,14.31235713,140.348701,9679.55077,7240.929866,21.07771904,1083.647327,1333.895858,548.8795606,2887.678953,2620.378205,267.3007481,16424.75129,1978.309564,1011.584798,1716.111025,1090.9619,1912.467704,1496.847548,94051.7332,2050.707689,96102.44089,02/28/2025,38416382169,37720817263,,,,,,,,,,,,,,,,,,,,,,,,,,,,,,,,,,,,,,,,,,,,,,,,,,
,april,4,835.914055,69.07,1.49,1.04,19.33,119198714.13,5014849.02,29720463.52,49791707.68,69429942.48,102002681.13,23934952.13,78067729.00,27.50,18.34,18.32387723,1596.6891,1239.33,,,,,,,,,,,,,,,,,,,,,,,,,,,,,,,,,,,,,,,,,,,,,,,,,,,,,,,,,,03/28/2025,38308209720,37527172657,,,,,,,,,,,,,,,,,,,,,,,,,,,,,,,,,,,,,,,,,,,,,,,,,,
,may,5,848.7129399,65.90,1.45,1.00,20.14,119191189.74,5014793.27,30864516.89,47802879.49,71401550.19,100955257.88,22988130.03,77967127.85,27.50,19.07,18.01132587,1586.1524,1027.76,,,,,,,,,,,,,,,,,,,,,,,,,,,,,,,,,,,,,,,,,,,,,,,,,,,,,,,,,,04/30/2025,37933500695,37181534422,,,,,,,,,,,,,,,,,,,,,,,,,,,,,,,,,,,,,,,,,,,,,,,,,,
,june,6,862.9856898,73.50,1.51,1.06,20.14,117239937.33,5007516.17,29651901.02,41467017.57,75783725.16,97787860.30,21662004.62,76125855.69,27.50,17.90,18.19499757,1529.7105,1037.66,21189.43182,12090.89164,6625.789113,1355.772147,1116.978919,15559.50439,3004.375063,2821.116525,13.10214727,46.69980569,123.4565842,6920.777653,2.810346064,896.762771,2250.821241,1513.636953,339.613375,122.5965928,489.3150847,423.2379399,221.0286871,15.65447927,232.1165593,79.27250908,333.9111146,1274.986841,337.5116904,4021.853144,63981.56489,26116.54422,326.4219682,701.1200469,525.3968052,0.228637514,58.02807744,37.34563209,25.32797662,54.79291802,10071.16497,7779.57552,11.22191341,634.5577179,1645.809823,415.0239731,4606.934574,4052.861654,554.0729207,9129.179276,3216.225174,2088.753141,3899.599097,579.530641,1457.66642,1373.40138,100730.5011,1721.56923,102452.0703,05/30/2025,38448383518,37744303090,,,,,,,,,,,,,,,,,,,,,,,,,,,,,,,,,,,,,,,,,,,,,,,,,,
,july,7,880.1856077,73.18,1.51,1.06,21.72,119878408.58,4922134.85,30426912.66,40390712.27,79496985.30,100415078.00,23691862.27,76723215.73,27.50,15.12,18.53654612,1533.55,1024.99,,,,,,,,,,,,,,,,,,,,,,,,,,,,,,,,,,,,,,,,,,,,,,,,,,,,,,,,,,06/30/2025,37210889173,36537598099,,,,,,,,,,,,,,,,,,,,,,,,,,,,,,,,,,,,,,,,,,,,,,,,,,
,august,8,886.7353496,70.55,1.43,0.98,22.37,119682631.52,4922360.53,30758072.40,41586667.83,78105255.18,98833184.75,22951046.10,75882138.65,27.00,15.61,18.88393412,1530.5703,988.25,,,,,,,,,,,,,,,,,,,,,,,,,,,,,,,,,,,,,,,,,,,,,,,,,,,,,,,,,,07/30/2025,39359322066,38709745064,,,,,,,,,,,,,,,,,,,,,,,,,,,,,,,,,,,,,,,,,,,,,,,,,,
,september,9,893.1243711,70.20,1.39,0.94,22.81,117774240.75,4952926.96,34669678.79,41661148.81,76122383.44,96685295.66,24158173.80,72527121.86,27.00,15.17,18.89705257,1475.3473,970.59,30500.54755,20127.65104,7801.375737,1627.751522,943.7692486,17517.98198,2697.554348,2547.384781,2.511074278,98.66914678,48.989346,9160.10605,2.694309307,1222.729775,3088.341156,2198.045848,440.4016826,131.5668035,606.4933197,504.3698529,219.6451499,20.65271484,236.4043427,86.06159062,402.6995043,716.7893306,196.4981879,4747.034066,65568.76224,19563.40726,971.6426607,1094.485504,836.7209435,0.19395811,93.41261207,80.977097,30.18077708,53.00011665,9437.984582,7471.898158,18.6001799,911.7689773,1035.717267,458.9616639,3158.59214,2760.425346,398.1667942,18244.65213,2817.981427,1988.37035,3051.689097,1060.93251,2115.61877,1604.444142,113587.2918,3361.339226,116948.631,08/29/2025,41305527591,40656705389,,,,,,,,,,,,,,,,,,,,,,,,,,,,,,,,,,,,,,,,,,,,,,,,,,
,october,10,901.5170825,66.15,1.40,0.95,23.05,119028285.58,5057881.01,31583261.21,34804442.84,84233134.23,99199655.08,24787980.96,74411674.12,27.00,15.07,18.89138166,1421.7343,1052.31,,,,,,,,,,,,,,,,,,,,,,,,,,,,,,,,,,,,,,,,,,,,,,,,,,,,,,,,,,09/30/2025,42353924827,41677279425,,,,,,,,,,,,,,,,,,,,,,,,,,,,,,,,,,,,,,,,,,,,,,,,,,
,november,11,912.7073643,65.22,1.44,0.99,23.13,122940404.13,5261793.44,30939729.72,37381283.50,85568780.67,100984035.22,26352124.27,74631910.95,27.00,15.30,18.88540031,1446.7421,1061.35,,,,,,,,,,,,,,,,,,,,,,,,,,,,,,,,,,,,,,,,,,,,,,,,,,,,,,,,,,10/31/2025,43197508513,42582029995,,,,,,,,,,,,,,,,,,,,,,,,,,,,,,,,,,,,,,,,,,,,,,,,,,
,december,12,917.3688161,68.05,1.46,1.01,23.01,124400185.00,5732860.29,32035734.52,31505596.33,92904248.19,110055697.95,34221492.58,75834205.36,27.00,15.38,18.02118972,1435.7571,1048.63,31524.32874,20413.15179,7909.824301,1933.659602,1267.693041,19657.34361,2635.730963,2246.466457,7.677476205,26.97702003,354.6100098,10243.13376,8.051633878,1191.867079,3500.880992,2703.4797,396.8861137,166.6676964,565.6985152,487.4400404,303.1169543,23.83734791,284.74272,100.70288,509.7620889,1068.299745,186.3598025,5523.81934,71628.98661,23461.64065,1192.864184,1902.028338,1576.722759,0.591716549,73.28398489,99.61570133,32.16072425,119.6534522,11286.31961,8941.859817,19.94482084,906.5400345,1417.974938,535.4206751,3569.196701,3227.746067,341.4506337,14358.74361,3391.091762,1935.694743,3648.653852,1465.324465,2232.997052,2649.010964,122810.659,3221.608629,126032.2676,11/28/2025,44668271689,44111189439,,,,,,,,,,,,,,,,,,,,,,,,,,,,,,,,,,,,,,,,,,,,,,,,,,
2026,january,1,890.956254,68.05,1.46,1.01,21.97,123939305.15,5731116.60,30254995.23,27085821.33,96863140.41,131611625.30,37867736.77,93743888.52,27.00,15.48,19.53830979,1386.5532,1034.76,,,,,,,,,,,,,,,,,,,,,,,,,,,,,,,,,,,,,,,,,,,,,,,,,,,,,,,,,,12/31/2025,45502438610,44938570305,,,,,,,,,,,,,,,,,,,,,,,,,,,,,,,,,,,,,,,,,,,,,,,,,,
,february,2,908.8607049,72.33,1.31,0.86,21.03,123107068.55,5709846.43,32744055.08,25569115.78,97547611.20,133969320.22,39359254.82,94610065.40,26.50,15.84,19.29021456,1363.3954,1051.47,,,,,,,,,,,,,,,,,,,,,,,,,,,,,,,,,,,,,,,,,,,,,,,,,,,,,,,,,,01/30/2026,46279901472,45729938358,,,,,,,,,,,,,,,,,,,,,,,,,,,,,,,,,,,,,,,,,,,,,,,,,,
,march,3,946.8696233,106.09,1.38,0.93,20.05,124976277.40,5646391.19,34603460.67,24014048.35,100971888.53,120184474.66,39599178.09,80585296.57,26.50,15.95,19.29021456,1386.7156,1288.54,20058.3373,13391.57255,3470.829953,1598.578468,1597.356328,22442.61871,4690.630846,4272.330818,2.999896464,414.2052558,1.094875776,11171.79295,2.464293048,2173.288709,3636.437624,2456.393471,466.0061259,185.7189048,587.1763351,563.4882424,282.4589719,15.64192966,239.0682223,133.6059457,430.0441745,324.8344937,265.7667297,5989.593694,68285.391,20161.37281,1250.72528,1507.687672,1232.568265,0.207529824,48.84595545,55.73776518,23.75934004,146.5688165,10569.37676,7973.628564,21.40856981,1186.419553,1387.920073,720.1809663,4242.185997,3844.433287,397.7527105,18764.74581,2748.767624,1413.131782,2368.107472,1102.647903,1960.556853,1475.904069,110786.347,2400.52311,113186.8701,02/27/2026,49693978530,48996025278,,,,,,,,,,,,,,,,,,,,,,,,,,,,,,,,,,,,,,,,,,,,,,,,,,
,april,4,967.0501706,126.71,1.49,1.04,19.16,124976277.40,5646391.19,34603460.67,24014048.35,100971888.53,120184474.66,39599178.09,80585296.57,26.50,15.95,18.86689019,1374.9431,1532.93,,,,,,,,,,,,,,,,,,,,,,,,,,,,,,,,,,,,,,,,,,,,,,,,,,,,,,,,,,03/31/2026,49238455591,48494180708,,,,,,,,,,,,,,,,,,,,,,,,,,,,,,,,,,,,,,,,,,,,,,,,,,
,may,5,983.9320187,112.63,1.53,1.08,18.36,129201004.57,5689981.32,33762692.28,26951480.44,102259186.58,121420390.89,40378881.21,81041509.68,26.50,15.95,19.10,1373.2545,1596.25,,,,,,,,,,,,,,,,,,,,,,,,,,,,,,,,,,,,,,,,,,,,,,,,,,,,,,,,,,04/30/2026,48364008533,47634516636,,,,,,,,,,,,,,,,,,,,,,,,,,,,,,,,,,,,,,,,,,,,,,,,,,
,june,6,,,,,17.63,,,,,,,,,,,,,,,,,,,,,,,,,,,,,,,,,,,,,,,,,,,,,,,,,,,,,,,,,,,,,,,,,,,,,,,05/29/2026,49580970779,48899700363,,,,,,,,,,,,,,,,,,,,,,,,,,,,,,,,,,,,,,,,,,,,,,,,,,
,july,7,,,,,,,,,,,,,,,,,,,,,,,,,,,,,,,,,,,,,,,,,,,,,,,,,,,,,,,,,,,,,,,,,,,,,,,,,,,,06/30/2026,51459234516,50810445831,,,,,,,,,,,,,,,,,,,,,,,,,,,,,,,,,,,,,,,,,,,,,,,,,,
,august,8,,,,,,,,,,,,,,,,,,,,,,,,,,,,,,,,,,,,,,,,,,,,,,,,,,,,,,,,,,,,,,,,,,,,,,,,,,,,07/16/2026,51915644681,51295929773,,,,,,,,,,,,,,,,,,,,,,,,,,,,,,,,,,,,,,,,,,,,,,,,,,
,september,9,,,,,,,,,,,,,,,,,,,,,,,,,,,,,,,,,,,,,,,,,,,,,,,,,,,,,,,,,,,,,,,,,,,,,,,,,,,,,,,,,,,,,,,,,,,,,,,,,,,,,,,,,,,,,,,,,,,,,,,,,,,,,,,,
,october,10,,,,,,,,,,,,,,,,,,,,,,,,,,,,,,,,,,,,,,,,,,,,,,,,,,,,,,,,,,,,,,,,,,,,,,,,,,,,,,,,,,,,,,,,,,,,,,,,,,,,,,,,,,,,,,,,,,,,,,,,,,,,,,,,
,november,11,,,,,,,,,,,,,,,,,,,,,,,,,,,,,,,,,,,,,,,,,,,,,,,,,,,,,,,,,,,,,,,,,,,,,,,,,,,,,,,,,,,,,,,,,,,,,,,,,,,,,,,,,,,,,,,,,,,,,,,,,,,,,,,,
,december,12,,,,,,,,,,,,,,,,,,,,,,,,,,,,,,,,,,,,,,,,,,,,,,,,,,,,,,,,,,,,,,,,,,,,,,,,,,,,,,,,,,,,,,,,,,,,,,,,,,,,,,,,,,,,,,,,,,,,,,,,,,,,,,,,
